{
  "IcoMoonType": "selection",
  "icons": [
    {
      "icon": {
        "paths": [
          "M614 410q-42-225-229-154l120 120v24l-221 225h-23l-146-125q-57 172 151 234l179-26 234 216h24l114-114-213-214 27-20 33-12 242 243v27l-194 193h-26l-248-246-138 25h-29q-234-36-246-247 0-138 82-166l165 137q77-70 144-147l-144-156q0-65 167-81 221 20 247 267l-17 101-68-10zM650 550.5q9 9.5 9 22.5t-9 22.5-23 9.5q-13 0-22.5-9.5t-9.5-22.5 9.5-22.5 22.5-9.5q14 0 23 9.5z"
        ],
        "width": 951,
        "isMulticolor": false,
        "isMulticolor2": false,
        "tags": [
          "uni0001"
        ],
        "grid": 0,
        "attrs": []
      },
      "attrs": [],
      "properties": {
        "id": 3,
        "order": 3,
        "ligatures": "",
        "prevSize": 32,
        "code": 59648,
        "name": "set1"
      },
      "setIdx": 0,
      "setId": 1,
      "iconIdx": 0
    },
    {
      "icon": {
        "paths": [
          "M940 122q0-51-36.5-86.5t-87.5-35.5h-732v902q0 51 36.5 86.5t87.5 35.5h326v-49h-326q-30 0-52-21.5t-22-51.5v-878l-25 25h707q30 0 52 21.5t22 51.5v593h50v-593zM766 979q26 17 56 12.5t48-29.5l106-142q4-11 3.5-20.5t-9.5-14.5q-9-7-18.5-5t-15.5 11l-107 142q-6 8-16 9.5t-19-3.5l-63-47q-8-6-18.5-4.5t-16.5 10.5q-6 8-4 18.5t11 15.5zM755 219q10 0 17.5-7t7.5-17-7.5-17-17.5-7h-472q-10 0-17.5 7t-7.5 17 7.5 17 17.5 7h472zM755 366q10 0 17.5-7.5t7.5-17.5-7.5-17-17.5-7h-472q-10 0-17.5 7t-7.5 17 7.5 17.5 17.5 7.5h472zM755 536q10 0 17.5-7t7.5-17-7.5-17-17.5-7h-472q-10 0-17.5 7t-7.5 17 7.5 17 17.5 7h472z"
        ],
        "isMulticolor": false,
        "isMulticolor2": false,
        "tags": [
          "space"
        ],
        "defaultCode": 32,
        "grid": 0,
        "attrs": []
      },
      "attrs": [],
      "properties": {
        "id": 4,
        "order": 4,
        "ligatures": "",
        "prevSize": 32,
        "code": 59651,
        "name": "form-ok"
      },
      "setIdx": 0,
      "setId": 1,
      "iconIdx": 1
    },
    {
      "icon": {
        "paths": [
          "M366 643q-248 141-248 342l-16 16-26 5q-31 0-31-47 28-217 295-356l46-18 32 6 79 10q-101 19-131 42v0zM626 567l103 66q217 167 217 357l-15 16h-26l-14-16q-27-163-298-393zM753 361q0 107-74 180-75 74-181 74-103 0-178-74-74-73-74-180 0-105 74-179 75-76 178-76 107 0 181 76 74 74 74 179zM495 173q-78 0-132 55-55 55-55 133 0 77 55 132 55 56 132 56 79 0 133-56 55-55 55-132 0-78-55-133-54-55-133-55z"
        ],
        "isMulticolor": false,
        "isMulticolor2": false,
        "tags": [
          "uniE900"
        ],
        "defaultCode": 59648,
        "grid": 0,
        "attrs": []
      },
      "attrs": [],
      "properties": {
        "id": 5,
        "order": 5,
        "ligatures": "",
        "prevSize": 32,
        "code": 59649,
        "name": "user1"
      },
      "setIdx": 0,
      "setId": 1,
      "iconIdx": 2
    },
    {
      "icon": {
        "paths": [
          "M832 960h-640q-40 0-68-28t-28-68v-384q0-40 28-68t68-28h640q40 0 68 28t28 68v384q0 40-28 68t-68 28zM192 448q-13 0-22.5 9.5t-9.5 22.5v384q0 13 9.5 22.5t22.5 9.5h640q13 0 22.5-9.5t9.5-22.5v-384q0-13-9.5-22.5t-22.5-9.5h-640zM292 448q-13 0-22.5-9.5t-9.5-22.5l-4 3q0-60 23-107.5t61-80.5 85.5-50 96.5-17q76 0 143 41t101 108q6 11 2 24t-16 19-24.5 1.5-18.5-15.5q-26-52-77.5-83t-109.5-31q-37 0-73.5 13t-65 37.5-46 60-17.5 80.5l4-3q0 13-9.5 22.5t-22.5 9.5v0z"
        ],
        "isMulticolor": false,
        "isMulticolor2": false,
        "tags": [
          "uniE901"
        ],
        "defaultCode": 59649,
        "grid": 0,
        "attrs": []
      },
      "attrs": [],
      "properties": {
        "id": 6,
        "order": 6,
        "ligatures": "",
        "prevSize": 32,
        "code": 59650,
        "name": "lock"
      },
      "setIdx": 0,
      "setId": 1,
      "iconIdx": 3
    },
    {
      "icon": {
        "paths": [
          "M874 384q0-53-20-99.5t-55-81.5-81.5-55-99.5-20q-52 0-99 20t-81.5 55-55 81.5-20.5 99.5q0 77 41 139t107 94q-43 14-80.5 38.5t-68 57.5-52 73.5-32.5 86.5q-1 8 3 16t12 9h4q8 0 14-4.5t8-12.5q12-52 41-96t69-76.5 89-50.5 101-18q53 0 99.5-20t81.5-55 55-81.5 20-99.5v0zM816 467q-17 39-46 68t-67.5 45.5-82.5 16.5-83-16.5-68-45.5-46-68-17-83 17-83 46-68 68-45.5 83-16.5 82.5 16.5 67.5 45.5 46 68 17 83-17 83zM302 555q-55-4-91.5-45.5t-36.5-104.5q0-60 36-102t92-47q8-2 13.5-8t5.5-15q-2-8-8-14.5t-16-5.5q-73 7-120.5 61.5t-47.5 130.5q0 79 47.5 133.5t120.5 58.5h3q8 0 14.5-5.5t6.5-13.5q1-9-4.5-16t-14.5-7v0zM67 764q-2 8 2.5 16t12.5 11h4q8 0 14-4.5t8-12.5q9-36 29.5-67.5t133.5-110.5q8-5 8.5-14.5t-4.5-15.5q-5-8-14.5-8.5t-15.5 4.5q-117 82-142 120.5t-36 81.5v0zM819 661l-19-12q-8-5-16.5-3.5t-13.5 9.5-3.5 16.5 9.5 13.5l20 13q46 32 77.5 79.5t45.5 103.5q2 8 8 12.5t14 4.5h4q8-1 13-9t2-16q-16-66-52-120.5t-89-91.5v0z"
        ],
        "isMulticolor": false,
        "isMulticolor2": false,
        "tags": [
          "uniE904"
        ],
        "defaultCode": 59652,
        "grid": 0,
        "attrs": []
      },
      "attrs": [],
      "properties": {
        "id": 9,
        "order": 7,
        "ligatures": "",
        "prevSize": 32,
        "code": 59652,
        "name": "user2"
      },
      "setIdx": 0,
      "setId": 1,
      "iconIdx": 4
    },
    {
      "icon": {
        "paths": [
          "M534 1023q-59-3-94-41t-40-64q-1-9 4-16t14-9q9-1 16 4t9 14q0 2 23 34t70 35 69-32.5 23-37.5q1-9 1.5-14t23.5-3q9 2 14 9.5t3 16.5q-5 27-39 65.5t-90 38.5h-7zM1012 834q-2 10-8 18-8 11-20.5 16t-30.5 5h-873q-18 0-31-5t-21-15q-8-8-10.5-18t-1.5-17v-31q-2-12 10.5-45t108.5-304 132.5-307.5 81-55.5 82.5-25 42-7h9v-25q0-7 5-12t12-5h22q7 0 12 5t5 12v25h15q4 1 42.5 7t83.5 25 81.5 55.5 135.5 307.5q86 238 105 292l-49 1q-22-60-100-276-99-274-130-301.5t-69-42.5-69.5-19.5-32.5-4.5h-76l-31.5 4.5t-69 19.5-69 42.5-128.5 302-107.5 297.5-10.5 27v42l0.5 1t1.5 2q1 2 6 3.5t13 1.5h932v4z"
        ],
        "isMulticolor": false,
        "isMulticolor2": false,
        "tags": [
          "uniE905"
        ],
        "defaultCode": 59653,
        "grid": 0,
        "attrs": []
      },
      "attrs": [],
      "properties": {
        "id": 10,
        "order": 8,
        "ligatures": "",
        "prevSize": 32,
        "code": 59653,
        "name": "remind"
      },
      "setIdx": 0,
      "setId": 1,
      "iconIdx": 5
    },
    {
      "icon": {
        "paths": [
          "M569 274q14 0 25 10l256 256q12 11 12 26 0 14-12 25l-256 257q-12 11-25 11-15 0-27-11-11-12-11-26v-512q0-16 11-27 12-11 27-10v1z"
        ],
        "isMulticolor": false,
        "isMulticolor2": false,
        "tags": [
          "uniE906"
        ],
        "defaultCode": 59654,
        "grid": 0,
        "attrs": []
      },
      "attrs": [],
      "properties": {
        "id": 11,
        "order": 9,
        "ligatures": "",
        "prevSize": 32,
        "code": 59654,
        "name": "right-dir"
      },
      "setIdx": 0,
      "setId": 1,
      "iconIdx": 6
    },
    {
      "icon": {
        "paths": [
          "M825 858q-15 0-25-10l-257-256q-11-11-11-26 0-14 11-25l257-257q11-11 25-11 15 0 26 11 11 12 11 26v512q0 16-11 27t-26 10v-1z"
        ],
        "isMulticolor": false,
        "isMulticolor2": false,
        "tags": [
          "uniE907"
        ],
        "defaultCode": 59655,
        "grid": 0,
        "attrs": []
      },
      "attrs": [],
      "properties": {
        "id": 12,
        "order": 10,
        "ligatures": "",
        "prevSize": 32,
        "code": 59655,
        "name": "left-dir"
      },
      "setIdx": 0,
      "setId": 1,
      "iconIdx": 7
    },
    {
      "icon": {
        "paths": [
          "M405 694q0-14 10-25l256-257q11-11 26-11 14 0 25 11l257 257q11 11 11 25 0 15-11 26-12 11-26 11h-512q-15 0-26-11t-10-26v0z"
        ],
        "isMulticolor": false,
        "isMulticolor2": false,
        "tags": [
          "uniE908"
        ],
        "defaultCode": 59656,
        "grid": 0,
        "attrs": []
      },
      "attrs": [],
      "properties": {
        "id": 13,
        "order": 11,
        "ligatures": "",
        "prevSize": 32,
        "code": 59656,
        "name": "up-dir"
      },
      "setIdx": 0,
      "setId": 1,
      "iconIdx": 8
    },
    {
      "icon": {
        "paths": [
          "M989 438q0 14-10 25l-256 257q-11 11-26 11-14 0-25-11l-257-257q-11-11-11-25 0-15 11-26 12-11 26-11h512q15 0 26 11t10 26v0z"
        ],
        "isMulticolor": false,
        "isMulticolor2": false,
        "tags": [
          "uniE909"
        ],
        "defaultCode": 59657,
        "grid": 0,
        "attrs": []
      },
      "attrs": [],
      "properties": {
        "id": 14,
        "order": 12,
        "ligatures": "",
        "prevSize": 32,
        "code": 59657,
        "name": "down-dir"
      },
      "setIdx": 0,
      "setId": 1,
      "iconIdx": 9
    },
    {
      "icon": {
        "paths": [
          "M800 960h-576q-40 0-68-28t-28-68v-640q0-40 28-68t68-28h448q13 0 22.5 9.5t9.5 22.5-9.5 22.5-22.5 9.5h-448q-13 0-22.5 9.5t-9.5 22.5v640q0 13 9.5 22.5t22.5 9.5h576q13 0 22.5-9.5t9.5-22.5v-512q0-13 9.5-22.5t22.5-9.5 22.5 9.5 9.5 22.5v512q0 40-28 68t-68 28zM512 543q-7 0-12.5-2.5t-10.5-7.5q-9-9-9-22.5t9-22.5l418-414q10-9 23-9t23 9q9 10 9 23t-10 23l-418 413q-5 5-10.5 7.5t-11.5 2.5v0z"
        ],
        "isMulticolor": false,
        "isMulticolor2": false,
        "tags": [
          "uniE90A"
        ],
        "defaultCode": 59658,
        "grid": 0,
        "attrs": []
      },
      "attrs": [],
      "properties": {
        "id": 15,
        "order": 13,
        "ligatures": "",
        "prevSize": 32,
        "code": 59658,
        "name": "post"
      },
      "setIdx": 0,
      "setId": 1,
      "iconIdx": 10
    },
    {
      "icon": {
        "paths": [
          "M764 1024l176-179v-723q0-51-36.5-86.5t-87.5-35.5h-732v902q0 51 36.5 86.5t87.5 35.5h326v-49h-326q-30 0-52-21.5t-22-51.5v-878l-25 25h707q30 0 52 21.5t22 51.5v713l7-17-162 165 18-8h-59l-2 49h72zM768 775q-31 0-53 21.5t-22 51.5v146q3 11 9 18t16 7q11 0 18-7t7-18v-146q0-10 7.5-17t17.5-7h112q10 0 17.5-7t7.5-18q0-10-7.5-17t-17.5-7h-112zM755 219q10 0 17.5-7t7.5-17-7.5-17-17.5-7h-472q-10 0-17.5 7t-7.5 17 7.5 17 17.5 7h472zM755 366q10 0 17.5-7.5t7.5-17.5-7.5-17-17.5-7h-472q-10 0-17.5 7t-7.5 17 7.5 17.5 17.5 7.5h472zM755 536q10 0 17.5-7t7.5-17-7.5-17-17.5-7h-472q-10 0-17.5 7t-7.5 17 7.5 17 17.5 7h472z"
        ],
        "isMulticolor": false,
        "isMulticolor2": false,
        "tags": [
          "uniE90B"
        ],
        "defaultCode": 59659,
        "grid": 0,
        "attrs": []
      },
      "attrs": [],
      "properties": {
        "id": 16,
        "order": 14,
        "ligatures": "",
        "prevSize": 32,
        "code": 59659,
        "name": "form"
      },
      "setIdx": 0,
      "setId": 1,
      "iconIdx": 11
    },
    {
      "icon": {
        "paths": [
          "M826 648l-7 12 86 128 4-31-139 135 29-3-138-82-11 4q-6 3-12.5 5t-12.5 5l-13 4-31 145 24-19h-197l24 18-37-150-12-4q-6-2-11-4.5l-11-5.5-12-5-131 84 30 3-139-136 4 31 85-136-6-11q-2-7-4.5-13t-5.5-13l-4-13-149-30 20 24v-191l-19 23 153-36 5-11q3-7 5.5-13t6.5-12l6-13-81-122-3 30 138-136-30 3 133 81 12-5 20-8 12-4 36-146-23 19h196l-24-20 32 149 13 5q7 3 14.5 6t15.5 7l12 6 125-79-30-3 140 135-4-31-83 131 5 12q3 6 5.5 12t4.5 13l5 12 147 35-19-24v192l20-24-155 31-5 12q-2 6-4.5 11t-4.5 11v0zM858 636l5 24 161-33v-231l-153-36-6 24 23-8q-2-7-5-14.5t-6-14.5l-22 10 20 13 87-137-168-161-130 81 13 21 11-22q-9-4-17.5-7.5t-16.5-7.5l-9 23 24-5-33-155h-235l-38 152 24 5-8-23q-6 2-11.5 4.5t-11.5 4.5l9 23 13-21-139-84-166 164 84 127 21-13-22-11q-3 7-6.5 14t-6.5 14l23 9-6-23-160 37v231l154 31 5-24-23 9 12 28 22-10-21-12-88 141 167 162 136-87-13-20-10 22q6 2 12 5t12 5l9-22-23 5 38 157h236l32-151-24-5 7 23q8-3 15-5.5t13-5.5l-9-22-12 21 143 85 167-162-89-133-21 13 22 11 6-12t5-12l-22-9zM731 500q0-43-16-81t-44-66-66-44-81-16-80.5 16-65.5 44-44.5 66-16.5 81 16.5 80.5 44.5 65.5 65.5 44.5 80.5 16.5q22 0 43.5-4.5t40.5-13.5q9-4 13-13.5t0-18.5-13.5-12.5-19.5 0.5q-15 6-31 9.5t-33 3.5q-65 0-111.5-46.5t-46.5-111.5q0-66 46.5-112.5t111.5-46.5q66 0 112.5 46.5t46.5 112.5q0 8-1 17t-3 17q-2 10 3.5 18.5t15.5 10.5q9 2 17.5-3.5t11.5-15.5q2-11 3-22t1-22v0z"
        ],
        "isMulticolor": false,
        "isMulticolor2": false,
        "tags": [
          "uniE90C"
        ],
        "defaultCode": 59660,
        "grid": 0,
        "attrs": []
      },
      "attrs": [],
      "properties": {
        "id": 17,
        "order": 15,
        "ligatures": "",
        "prevSize": 32,
        "code": 59660,
        "name": "set2"
      },
      "setIdx": 0,
      "setId": 1,
      "iconIdx": 12
    },
    {
      "icon": {
        "paths": [
          "M267 354q0-50 19-95t52.5-78 78-52.5 95.5-19.5q50 0 95 19.5t78 52.5 52.5 78 19.5 95q0 51-19.5 95.5t-52.5 78-78 52.5-95 19q-51 0-96-19t-78-52.5-52-78-19-95.5v0zM919 789h-85v-85q0-10-6-15.5t-15-5.5q-10 0-16 5.5t-6 15.5v85h-85q-10 0-15.5 6t-5.5 16q0 9 5.5 15t15.5 6h85v85q0 10 6 16t16 6q9 0 15-6t6-16v-85h85q10 0 16-6t6-15q0-10-6-16t-16-6zM378 633q-248 141-248 342l-16 16-26 5q-31 0-31-47 28-217 295-356l46-18 32 6 79 10q-101 19-131 42v0zM507 163q-78 0-132 55-55 55-55 133 0 77 55 132 55 56 132 56 79 0 133-56 55-55 55-132 0-78-55-133-54-55-133-55z"
        ],
        "isMulticolor": false,
        "isMulticolor2": false,
        "tags": [
          "uniE90D"
        ],
        "defaultCode": 59661,
        "grid": 0,
        "attrs": []
      },
      "attrs": [],
      "properties": {
        "id": 18,
        "order": 16,
        "ligatures": "",
        "prevSize": 32,
        "code": 59661,
        "name": "user3"
      },
      "setIdx": 0,
      "setId": 1,
      "iconIdx": 13
    },
    {
      "icon": {
        "paths": [
          "M81 146h86q226 88 350-92 116 181 360 91h91l1 217q0 348-434 596l-18-18v-36q362-291 362-488v-163q-258 19-362-72-116 91-344 72v163q0 163 272 416v18l-37 36q-283-195-327-519v-221zM517 307h18l36 37v108h109l36 36-36 36h-109v109l-36 36h-18l-36-36v-109h-109l-36-36 36-36h109v-108z"
        ],
        "isMulticolor": false,
        "isMulticolor2": false,
        "tags": [
          "uniE90E"
        ],
        "defaultCode": 59662,
        "grid": 0,
        "attrs": []
      },
      "attrs": [],
      "properties": {
        "id": 19,
        "order": 17,
        "ligatures": "",
        "prevSize": 32,
        "code": 59662,
        "name": "security"
      },
      "setIdx": 0,
      "setId": 1,
      "iconIdx": 14
    },
    {
      "icon": {
        "paths": [
          "M0 512q0 73 20 141.5t57 128.5q6 9 16 11.5t19-3.5q8-5 10.5-15t-2.5-19q-34-55-52-116.5t-18-127.5q0-96 36.5-180t99-146.5 146.5-99 180-36.5 180 36.5 146.5 99 99 146.5 36.5 180-36.5 180-99 146.5-146.5 99-180 36.5q-80 0-153.5-26t-134.5-74q-8-7-18-6t-17 10q-6 8-5 18t9 17q34 27 71.5 47.5t78 34.5 83 21.5 86.5 7.5q106 0 199.5-40t163-109.5 109.5-163 40-199.5-40-199.5-109.5-163-163-109.5-199.5-40-199.5 40-163 109.5-109.5 163-40 199.5v0zM524 743v-318q0-11-7-18t-17-7q-11 0-18 7t-7 18v318q0 10 7 17.5t18 7.5q10 0 17-7.5t7-17.5v0zM524 318v-43q0-11-7-18t-17-7q-11 0-18 7t-7 18v43q0 11 7 18t18 7q10 0 17-7t7-18v0z"
        ],
        "isMulticolor": false,
        "isMulticolor2": false,
        "tags": [
          "uniE90F"
        ],
        "defaultCode": 59663,
        "grid": 0,
        "attrs": []
      },
      "attrs": [],
      "properties": {
        "id": 20,
        "order": 18,
        "ligatures": "",
        "prevSize": 32,
        "code": 59663,
        "name": "information"
      },
      "setIdx": 0,
      "setId": 1,
      "iconIdx": 15
    },
    {
      "icon": {
        "paths": [
          "M1002 992q-2-4-2-5t-1-2q-1-2-2-3.5t-2-2.5q-2-2-4.5-5t-5.5-6q-5-6-13-14.5t-18-19.5q-16-17-36-37.5t-60-60.5q-38-39-58.5-59.5t-36.5-37.5q-10-10-17.5-18t-12.5-14q-2-3-4-5l-1.5-1.5t1.5 3.5q1 6 0 9t-7 16q30-30 54.5-65t41-74 25-81.5 8.5-86.5q0-87-32.5-164t-89-134.5-132-90.5-161.5-33-161.5 33-131.5 90.5-89 134.5-33 164q0 88 33 165t89 134 131.5 90.5 161.5 33.5q4 0 8-0.5t8-0.5q3 0 6.5-0.5t8.5-0.5q10-1 14.5-1.5t8.5-0.5q8 0 19.5-2.5t27.5-7.5q2 0 4-0.5t4-1.5q7-2 13.5-4t12.5-3q4-2 7-2.5t4-1.5q10-3 15-12.5t2-19.5-12.5-15-19.5-2q-1 1-4 1.5t-7 2.5q-6 1-12 3l-12 4q-2 0-4 1t-4 1q-13 4-22 6t-12 2q-6 0-11.5 0.5l-16.5 1.5q-5 0-8 0.5t-5 0.5q-4 0-7 0.5t-6 0.5q-75 0-141.5-29.5t-116-80-78-118-28.5-144.5q0-76 28.5-144t78-118 116-79.5 141.5-29.5q76 0 142.5 29.5t116 79.5 78 118 28.5 144q0 78-30 148t-84 122q-7 13-8 16.5t1 9.5q1 3 1.5 4l1.5 3q1 1 2 2.5t2 2.5q1 3 3.5 5.5l5.5 5.5q5 6 13 14.5t18 19.5q17 17 37 37.5t59 60.5q39 39 59 59.5t36 37.5q10 10 17.5 18t12.5 14q3 3 4.5 5t2.5 3q-1-1-1-2t-1-4q-2-6-1-9t9-16q-8 7-9 17.5t6 18.5 17 9 18-6q8-13 9-16.5t0-9.5v0z"
        ],
        "isMulticolor": false,
        "isMulticolor2": false,
        "tags": [
          "uniE910"
        ],
        "defaultCode": 59664,
        "grid": 0,
        "attrs": []
      },
      "attrs": [],
      "properties": {
        "id": 21,
        "order": 19,
        "ligatures": "",
        "prevSize": 32,
        "code": 59664,
        "name": "search1"
      },
      "setIdx": 0,
      "setId": 1,
      "iconIdx": 16
    },
    {
      "icon": {
        "paths": [
          "M948 531q7 7 16 7t16-7q5-5 4.5-13t-7.5-16l-119-112-323-300q-7-8-16-8t-16 8l-314 297q-2 3-4.5 5t-4.5 5l-119 112q-7 7-7 16t7 16q8 7 16.5 7t15.5-7l84-80v393q0 36 27 63t65 27h84q28 0 49-19t21-48v-218h198v218q0 26 21 46.5t50 20.5h83q38 0 65.5-25.5t27.5-64.5v-296l-51-48v348q0 19-13 31.5t-32 12.5h-83q-10 0-16.5-6t-6.5-16v-240q0-10-6.5-16t-15.5-6h-243q-10 0-16.5 6t-6.5 16v240q0 10-6.5 16t-15.5 6h-83q-20 0-32.5-12.5t-12.5-31.5v-439l294-281z"
        ],
        "isMulticolor": false,
        "isMulticolor2": false,
        "tags": [
          "uniE911"
        ],
        "defaultCode": 59665,
        "grid": 0,
        "attrs": []
      },
      "attrs": [],
      "properties": {
        "id": 22,
        "order": 20,
        "ligatures": "",
        "prevSize": 32,
        "code": 59665,
        "name": "home"
      },
      "setIdx": 0,
      "setId": 1,
      "iconIdx": 17
    },
    {
      "icon": {
        "paths": [
          "M858 959q9 0 15-6t6-15v-852q0-9-6-15t-15-6h-599q-47 0-80.5 33.5t-33.5 80.5v674q0 44 31 75t74 31h430v-42h-430q-26 0-45-18.5t-19-45.5v-674q0-30 21.5-51t51.5-21h312v381q0 6 3 11t8 8q6 2 11.5 1.5t18.5-3.5v-398h226v852h20z"
        ],
        "isMulticolor": false,
        "isMulticolor2": false,
        "tags": [
          "uniE912"
        ],
        "defaultCode": 59666,
        "grid": 0,
        "attrs": []
      },
      "attrs": [],
      "properties": {
        "id": 23,
        "order": 21,
        "ligatures": "",
        "prevSize": 32,
        "code": 59666,
        "name": "note"
      },
      "setIdx": 0,
      "setId": 1,
      "iconIdx": 18
    },
    {
      "icon": {
        "paths": [
          "M653 189q-12-5-24.5-0.5t-17.5 17.5q-5 12-0.5 24t16.5 17q40 18 71.5 45t54 61.5 35 74.5 12.5 83q0 58-22 110.5t-63 93.5-93.5 63-110.5 22q-57 0-110-22t-94-63q-40-41-62-93.5t-22-110.5q0-43 12.5-83t35-74.5 54.5-62 72-44.5q12-5 16.5-17.5t-0.5-24.5-17-17-25 1q-48 20-87 53.5t-66.5 75.5-42.5 91.5-15 101.5q0 36 6.5 70.5t20.5 66.5 32.5 60 43.5 52q24 24 52 43t59 32q33 14 67.5 21t69.5 7q36 0 70.5-7t66.5-21q32-13 60-32t52-43 43-52 32-60q14-32 21-66.5t7-70.5q0-52-15-101t-42.5-91-66-75.5-86.5-54.5zM512 480q13 0 22.5-9.5t9.5-22.5v-320q0-13-9.5-22t-22.5-9-22.5 9-9.5 22v320q0 13 9.5 22.5t22.5 9.5z"
        ],
        "isMulticolor": false,
        "isMulticolor2": false,
        "tags": [
          "uniE913"
        ],
        "defaultCode": 59667,
        "grid": 0,
        "attrs": []
      },
      "attrs": [],
      "properties": {
        "id": 24,
        "order": 22,
        "ligatures": "",
        "prevSize": 32,
        "code": 59667,
        "name": "power"
      },
      "setIdx": 0,
      "setId": 1,
      "iconIdx": 19
    },
    {
      "icon": {
        "paths": [
          "M363 866q70 30 149 30t149-30 122.5-82.5 82.5-122.5 30-149-30-149-82.5-122.5-122.5-82.5-149-30-149 30-122.5 82.5-82.5 122.5-30 149 30 149q29 68 79 119l-54 35q-52-56-83-129-36-81-36-174t35.5-174.5 96-142 142-96 174.5-35.5 174.5 35.5 142 96 96 142 35.5 174.5-35.5 174.5-96 142-142 96-174.5 35.5-174-36q-47-20-87-49l51-42q29 19 61 33zM726 491l-159-160q-9-9-22.5-9t-22.5 9q-10 9-10 22.5t10 22.5l103 104h-305q-13 0-22.5 9.5t-9.5 22.5 9.5 22.5 22.5 9.5h307l-106 105q-10 9-10 22.5t9 22.5q5 5 11 7.5t12 2.5 12-2.5 11-7.5l160-158q7-7 9-16.5t-2-18.5q-1-3-3-5.5t-4-4.5z"
        ],
        "isMulticolor": false,
        "isMulticolor2": false,
        "tags": [
          "uniE914"
        ],
        "defaultCode": 59668,
        "grid": 0,
        "attrs": []
      },
      "attrs": [],
      "properties": {
        "id": 25,
        "order": 23,
        "ligatures": "",
        "prevSize": 32,
        "code": 59668,
        "name": "pull_right"
      },
      "setIdx": 0,
      "setId": 1,
      "iconIdx": 20
    },
    {
      "icon": {
        "paths": [
          "M938 770l-223-223q18-34 27.5-72.5t9.5-80.5q0-68-26-128.5t-71-105.5-105-71-129-26q-68 0-128.5 26t-105.5 71-71 105.5-26 128.5q0 69 26 129t71 105 105.5 71 128.5 26q46 0 88-11.5t79-33.5l220 220q13 14 30 20.5t35 6.5q17 0 34-6.5t31-20.5q13-13 20-30t7-35q0-19-7-35.5t-20-29.5v0zM133 394q0-59 22.5-111.5t62-92 92-62 111.5-22.5q60 0 112.5 22.5t91.5 62 62 92 23 111.5q0 75-35 137.5t-92 101.5q-1 0-1.5 0.5l-1.5 1.5q-34 22-74.5 35t-84.5 13q-59 0-111.5-23t-92-62-62-91.5-22.5-112.5v0zM908 870q7-7 10.5-16t3.5-19-3.5-19-10.5-16l-216-216q-14 21-31.5 39t-36.5 33l214 214q14 14 34.5 14t35.5-14v0z"
        ],
        "isMulticolor": false,
        "isMulticolor2": false,
        "tags": [
          "uniE915"
        ],
        "defaultCode": 59669,
        "grid": 0,
        "attrs": []
      },
      "attrs": [],
      "properties": {
        "id": 26,
        "order": 24,
        "ligatures": "",
        "prevSize": 32,
        "code": 59669,
        "name": "search2"
      },
      "setIdx": 0,
      "setId": 1,
      "iconIdx": 21
    },
    {
      "icon": {
        "paths": [
          "M337 924q82 35 174 35 93 0 174.5-35t142.5-96 96-142.5 35-174.5q0-92-35-174t-96-142.5-142.5-96-174.5-35.5q-92 0-174 35.5t-142.5 96-96 142.5-35.5 174q0 93 36 174 23 53 56 98l54-34q-9-12-16-24-21-30-36-64-15-36-22.5-73.5t-7.5-76.5 7.5-76.5 22.5-72.5q15-34 35.5-65t47.5-57q26-27 57-47.5t65-35.5q35-15 72.5-22.5t76.5-7.5 76.5 7.5 73.5 22.5q34 15 64.5 35.5t57.5 47.5q26 26 47 57t35 65q15 35 22.5 72.5t7.5 76.5-7.5 76.5-22.5 73.5q-14 34-35 64.5t-47 57.5q-27 26-57.5 47t-64.5 35q-36 15-73.5 22.5t-76.5 7.5-76.5-7.5-72.5-22.5q-34-14-65-35-16-11-31-23l-59 32q56 53 130 85zM703 543h-192q-13 0-22.5-9t-9.5-23v-286q0-14 9.5-23t22.5-9q14 0 23 9t9 23v254h160q13 0 22.5 9.5t9.5 22.5q0 14-9.5 23t-22.5 9z"
        ],
        "isMulticolor": false,
        "isMulticolor2": false,
        "tags": [
          "uniE916"
        ],
        "defaultCode": 59670,
        "grid": 0,
        "attrs": []
      },
      "attrs": [],
      "properties": {
        "id": 27,
        "order": 25,
        "ligatures": "",
        "prevSize": 32,
        "code": 59670,
        "name": "time"
      },
      "setIdx": 0,
      "setId": 1,
      "iconIdx": 22
    },
    {
      "icon": {
        "paths": [
          "M852 215q0-38-26-65-27-27-65-27h-422v-1h-33q-8 0-13-5t-5-13v-36q0-8 5-13 5-6 13-6h86v1h369q68 0 116 48t48 117v105l-73 4v-109zM925 406h1v89q0 8-5 13t-13 5h-36q-8 0-13-5-6-5-6-13v-35h-1v-136l73-4v86zM414 764l-73 84 1 1-54 70q-5 7-12 8t-13-4l-29-22q-6-5-7-12-2-7 3-14l21-28h-1l123-149h1q0-1 1-2 5-5 13-5h252q38 0 65-26 27-27 27-65v-255q0-38-26-65-27-27-65-27h-476q-37 0-64 27t-27 65v255q0 38 27 64 27 27 64 27h73q8 0 13 5 6 6 6 14v36q0 8-5 13-6 6-14 6h-73q-68 0-116-48-48-49-48-117v-255q0-69 48-117t116-48h476q68 0 116 48t48 117v255q0 68-48 116t-117 48h-226z"
        ],
        "isMulticolor": false,
        "isMulticolor2": false,
        "tags": [
          "uniF08E"
        ],
        "defaultCode": 61582,
        "grid": 0,
        "attrs": []
      },
      "attrs": [],
      "properties": {
        "id": 28,
        "order": 26,
        "ligatures": "",
        "prevSize": 32,
        "code": 61582,
        "name": "sms"
      },
      "setIdx": 0,
      "setId": 1,
      "iconIdx": 23
    }
  ],
  "height": 1024,
  "metadata": {
    "name": "icomoon"
  },
  "preferences": {
    "showGlyphs": true,
    "showCodes": true,
    "showQuickUse": true,
    "showQuickUse2": true,
    "showSVGs": true,
    "fontPref": {
      "prefix": "icon-",
      "metadata": {
        "fontFamily": "icomoon"
      },
      "metrics": {
        "emSize": 1024,
        "baseline": 20.01953125
      },
      "embed": false,
      "resetPoint": 59648
    },
    "imagePref": {
      "prefix": "icon-",
      "png": true,
      "useClassSelector": true,
      "color": 0,
      "bgColor": 16777215,
      "classSelector": ".icon"
    },
    "historySize": 100
  }
}